{
  "test/integration/opaTests.qunit.js.map": 1730010255322,
  "test/integration/pages/IncidentsList.js": 1730002397398,
  "test/integration/pages/IncidentsObjectPage.js": 1730002397398,
  "test/integration/pages/ConversationsObjectPage.js": 1730002397398,
  "test/integration/opaTests.qunit.js": 1730002397398,
  "test/integration/FirstJourney.js": 1730002397402,
  "test/testsuite.qunit.js": 1730002397390,
  "xs-app.json": 1730010246410,
  "manifest.json": 1730002463234,
  "Component.js": 1730002397370,
  "Component-dbg.js": 1730002397370,
  "Component.js.map": 1730010255318,
  "test/integration/pages/IncidentsObjectPage-dbg.js": 1730002397398,
  "test/integration/pages/IncidentsObjectPage.js.map": 1730010255370,
  "test/integration/pages/ConversationsObjectPage-dbg.js": 1730002397398,
  "test/integration/pages/ConversationsObjectPage.js.map": 1730010255321,
  "test/integration/opaTests.qunit-dbg.js": 1730002397398,
  "i18n/i18n.properties": 1730002399834,
  "test/integration/FirstJourney-dbg.js": 1730002397402,
  "test/integration/FirstJourney.js.map": 1730010255374,
  "test/testsuite.qunit-dbg.js": 1730002397390,
  "test/testsuite.qunit.js.map": 1730010255370,
  "test/integration/pages/IncidentsList-dbg.js": 1730002397398,
  "test/integration/pages/IncidentsList.js.map": 1730010255365,
  "Component-preload.js": 1730010255457,
  "Component-preload.js.map": 1730010255457,
  "test/integration/opaTests.qunit.html": 1730002397398,
  "test/testsuite.qunit.html": 1730002397382,
  "test/flpSandbox.html": 1730002397382,
  "index.html": 1730002397370
}